[{
  "_id": {
    "$oid": "63866f628a60dd2b8f0a4740"
  },
  "Name": "Great Green Place",
  "Kind": "Park",
  "Longitude": 420,
  "Latitude": 69,
  "Reserved": false,
  "UsageRules": "Be nice",
  "Items": [
    {
      "Name": "Bench",
      "Amount": 4,
      "Status": "Working"
    },
    {
      "Name": "Fountain",
      "Amount": 6,
      "Status": "Working"
    },
    {
      "Name": "Swing",
      "Amount": 2,
      "Status": "1 Broken"
    }
  ]
},{
  "_id": {
    "$oid": "63866f9d8a60dd2b8f0a4741"
  },
  "Name": "Small Blue Place",
  "Kind": "Park",
  "Longitude": 666,
  "Latitude": 999,
  "Reserved": false,
  "UsageRules": "Be blue",
  "Items": [
    {
      "Name": "Bench",
      "Amount": 1,
      "Status": "Working"
    },
    {
      "Name": "Fountain",
      "Amount": 10,
      "Status": "Working"
    },
    {
      "Name": "Swing",
      "Amount": 8,
      "Status": "Working"
    }
  ]
},{
  "_id": {
    "$oid": "63866fb68a60dd2b8f0a4742"
  },
  "Name": "BigGainz",
  "Kind": "Gym",
  "Longitude": 42,
  "Latitude": 17,
  "Reserved": false,
  "UsageRules": "Be stronk, No crossfit allowed",
  "Items": [
    {
      "Name": "Benchpress",
      "Amount": 4,
      "Status": "Working"
    },
    {
      "Name": "Barbells",
      "Amount": 10,
      "Status": "Working"
    },
    {
      "Name": "Tren",
      "Amount": 9001,
      "Status": "Working"
    }
  ]
},{
  "_id": {
    "$oid": "63866fd98a60dd2b8f0a4743"
  },
  "Name": "The Cozy Cabin",
  "Kind": "Shelter",
  "Longitude": 11,
  "Latitude": 22,
  "Reserved": true,
  "UsageRules": "Just chill",
  "Items": [
    {
      "Name": "Food",
      "Amount": 4,
      "Status": "Eatable"
    },
    {
      "Name": "Pot",
      "Amount": 2,
      "Status": "Working"
    },
    {
      "Name": "Pan",
      "Amount": 1,
      "Status": "Working"
    },
    {
      "Name": "Cutlery",
      "Amount": 8,
      "Status": "Working"
    }
  ]
}]